Medias,CPM,CPC,CPA,MinInvestment,MaxInvestment
media_1,0.01255,997.07,56.16,600.0,2000.0
media_2,0.02094,1.2086299999999999,78.17,900.0,3000.0
media_3,0.01744,5.59515,85.68,450.0,1500.0
media_4,0.02437,1.54027,97.17,600.0,2000.0
media_5,0.01961,5.19696,87.97,900.0,3000.0
